,명칭,위도,경도,개요,총 거리,소요시간,상세정보
0,화산섬 제주의 속살을 만나다.,33.4575852751,126.7134770508,세계자연유산에 빛나는 거문오름 탐방로와 따라비 오름은 제주 화산탐방로라 할 수 있겠다. 화산이 분출한 자국을 따라 다른 어느 지역에서도 볼 수 없는 용암지구의 특이한 절경을 만끽할 수 있다. 제주도에 왔다면 조랑말을 타볼 수 있는 기회도 놓치지 말자,82.95km,1박 2일,"1.제주 세계자연유산센터
코스개요 :지난 9월 4일 개관한 제주 세계자연유산센터는 대한민국에서 유일한 유네스코 세계자연유산으로서의 가치를 널리 알리기 위해 조성되었다. 4D영상관에서 제주의 환상적인 자연을 온몸으로 느끼고, 리프트를 타고 제주도 탄생과정 체험, 직접 가 볼 수 없는 용암 동굴 체험 등 교과서에 실린 세계자연유산 제주를 직접 체험해 볼 수 있다. 제주 세계자연유산센터는 2007년 유네스코 세계자연유산 등재, 2009 환경부 선정 생태관광 20선, 2010 한국형 생태관광 10모델에 선정된 대표적인 생태관광지 유네스코 세계자연유산 거문오름에 위치해 있다.
2.휘닉스제주섭지코지(숙박)
코스개요 :천혜의 자연과 비일상의 즐거움이 공존하는 휘닉스제주섭지코지는 숙박, 휴양, 레져, 문화가 공존하는 친환경 해양 종합리조트로, 리조트 면적만 66만㎡로 바다를 향해 호리병 모양으로 뻗어 있는 섭지코지 전체를 아우르는 규모로 세계자연문화유산 성산일출봉과 마주하고 있다. 세계적인 건축거장 안도다다오가 직접 설계한 글라스하우스, 지니어스로사이 및 마리오보타의 아고라 등 현대 건축 작품들을 만날 수 있다. 
3.따라비오름
코스개요 :3개의 굼부리가 있는 것이 가장 큰 특징이다. 크고 작은 여러 개의 봉우리가 매끄러운 등성이로 연결되어 한 산체를 이룬다. 말굽형으로 열린 방향의 기슭쪽에는 구좌읍 `둔지오름`에서와 같은 이류구들이 있다. 이류구가 있는 것으로 보아 비교적 최근에 분출된 신선한 화산에 속하는 것으로 판단된다고 한다. 
4.조랑말체험공원
코스개요 :제주의 말 문화를 쉽고 재밌게 이해하고 체험할 수 있는 조랑말체험공원은 조선시대 최고의 말을 사육했던 갑마장이 있었던 가시리 마을 그 자리에 600년 목축문화의 역사를 고스란히 간직하고 있다. 농림부가 지원하는 ‘신문화공간 조성사업’의 일환으로 조성된 조랑말 박물관에 마을회의 노력으로 따라비승마장, 마음(馬音)카페, 게르 게스트하우스, 캠핑장, 아트숍, 체험장 등이 어우러진 복합 문화공간으로 확대 조성되었다.
5.해녀박물관
코스개요 : 해녀박물관은 제주만의 독특한 해녀, 어촌, 해양문화의 계승, 발전을 위하여 제주해녀항일운동기념공원 조성사업과 연계해서, 지상 4층에 전체면적 4,002m²의 규모로 지어졌다. 주요시설로는 4개의 전시실과 영상실, 전망대, 휴게실, 야외전시장 등으로  구성되어 있으며 2006년 6월 9일에 개관하였다. 제주해녀들의 생존과 삶, 자존의 역사를 담은 해녀박물관은 제주의 상징인 “해녀”를 주제로 그들의 생활풍습, 무속신앙, 세시풍속, 해녀공동체 뿐만 아니라 제주민의 역사, 여성, 생업, 경제, 해양, 신앙, 연희 등 제주의 전통문화를 총망라하여 전시했다.
"
1,"바다와 풀밭이 맞닿은 푸른 세상 속으로, 제주 온평~표선 올레",33.404263672,126.9035617954,"걸으면서 제주도의 아름다운 풍경과 문화를 접하는 데 올레만큼 좋은 건 없다. 3코스 온평~표선 올레는 오름을 넘고 바다와 벗하며 걷는 길이다. 통오름과 독자봉에서 제주 오름이 지닌 고유의 멋을 느끼고, 김영갑 갤러리에서 사진에 담긴 제주의 하늘과 바다, 오름, 바람을 감상한다. 신풍신천 바다목장의 너른 초원과 눈이 부시게 파란 표선해비치해변의 바다는 감탄을 자아내는 풍경이다.",20.6km,5~6시간,"1.올레 3코스
코스개요 :장장 20.6km에 걸친 중산간 길의 고즈넉함을 만끽할 수 있는 올레다. 양옆에 늘어선 오래된 제주돌담과 제주에 자생하는 울창한 수목이 운치를 더한다. 나지막하지만 전망이 툭 트인 ‘통오름’과 ‘독자봉’ 또한 제주의 오름이 지닌 고유의 멋을 느끼게 해준다. 
2.김영갑 갤러리(두모악)
코스개요 :김영갑갤러리는 루게릭병으로 인해 거동조차 불편했던 몸으로 옛 삼달초등학교를 직접 다듬고 손질해서 멋진 갤러리로 탈바꿈시킨 사진작가 고 김영갑씨의 열정과 제주도의 고요와 평화를 담은 그의 작품을 감상할 수 있다.
3.신풍신천 바다목장
코스개요 :제주올레 3코스는 장장 14km에 걸친 중산간 길은 매우 고즈넉하고, 양옆에는 오래된 제주 돌담과 제주에 자생하는 수목이 울창하다. 이 구간을 지나면 처음으로 대중에게 공개되는 바다 목장길은 푸른 바다와 푸른 초장이 함께 어우러지는, 제주에서만 볼 수 있는 바당 올레길이다. 
4.표선해비치해변
코스개요 :표선해수욕장은 썰물 때에는 원형의 백사장을 이루고, 밀물 때에는 수심 1m 내외의 원형 호수처럼 되어 때에 따라 다른 분위기를 느낄 수 있으며 물이 빠진 단단한 백사장은 아이들이 놀기에도 알맞은 곳이다. 정면으로 볼 수 있는 일출이 유명하며, 백사장 모래는 조개껍데기가루로 형성된 것인데 신경통으로 고생하는 사람들이 모래찜질을 하면 특효를 보는 것으로 알려져 있다.

"
2,놀멍쉬멍 제주 바다 구경떠나기,33.5180620158,126.5460485461,"가장 제주다운 풍경을 만날 수 있는 방법은 차편이나 걸어서 해안도로를 달려보는 것. 대자연의 너른 품에서 바름과 구름, 돌과 나무와 하늘을 길동무 삼아 달리며 심신의 여유와 자유로움을 마음껏 느껴보시길.",6.95km,3시간,"1.사라봉공원
코스개요 :사라봉 공원은 제주시 동문로터리에서 동쪽으로 2km 거리에 있는 143m 높이의 낮은 동산이다. 이곳에서 볼 수 있는 사봉 낙조는 영주 12경의 하나로 성산일출과 대조가 될만하다.
북쪽으로는 바다를 끼고 남쪽으로는 한라산을 바라보고 있는 이곳은 제주시민은 물론 관광객도 즐겨 찾는다.
 사라봉입구 버스 정류장에서 공원으로 가는 길에 모충사가 있고 사라봉 동쪽에는 패러글라이딩 활공장이 있는 별도봉이 들어앉았다.
 그 기슭에 우당도서관이 있는데 이곳에서 부터 사라봉 뒤편을 돌아 제주항을 거친 다음 탑동까지 가는 코스는 이름난 드라이브 코스이다.

2.관덕정(제주)
코스개요 :제주도내에서 가장 오래된 건축물 중의 하나인 관덕정은 보물 제322호로서 조선 시대 세종 30년(1448)에 목사 신숙청이 사졸들을 훈련시키고 상무 정신을 함양할 목적으로 이 건물을 세웠다. 관덕정이란 이름은 [사이관덕]이란 문구에서 나온 것으로 활을 쏘는 것은 평화시에는 심신을 연마하고 유사시에는 나라를 지키는 까닭에 이를 보는 것은 덕행으로 태어난 곳이다. 대들보에는 십장생도, 적벽대첩도, 대수렵도 등의 격조높은 벽화가 그려져 있고, 편액은 안평대군의 친필로 전해오고 있다.
3.용두암
코스개요 :제주시내 북쪽 바닷가에 있는 용두암은 높이 10m가량의 바위로 오랜 세월에 걸쳐 파도와 바람에 씻겨 빚어진 모양이 용의 머리와 닮았다 하여 용두암이라 불린다. 전설에 의하면 용 한 마리가 한라산 신령의 옥구슬을 훔쳐  달아나자 화가 난 한라산 신령이 활을 쏘아 용을 바닷가에 떨어뜨려 몸은 바닷물에 잠기게 하고 머리는 하늘로  향하게 하여 그대로 굳게 했다고 전해진다. 또 다른 전설은 용이 되어 하늘로 올라가는 것이 소원이던 한 마리의 백마가 장수의 손에 잡힌 후, 그 자리에서 바위로 굳어졌다는 전설이 있다. 
4.어영소공원
코스개요 :제주도 용두암에서 약 1km정도 떨어진 곳에 용담 해안도로를 따라 길게 만들어진 공원이다. 야간에 각종 조명시설로 야간공원으로 유명하다. 특히, 해 진 저녁, 맞은 편에 있는 카페, 레스토랑, 식당에서 어영소공원의 야경을 감상하기 좋아 많은 관광객이 찾고있다. 또한, 제주 올레 17코스 도중에 자리한 공원으로 올레꾼들의 발걸음 또한 끊이지 않고 있다. 일몰 이후 뿐만 아니라 낮에도 탁트인 전경과 바로 눈 앞에 펼쳐진 바다, 시원한 바닷바람으로 사람들을 붙잡는다.
"
3,있는 그대로 제주의 자연을 거닐어볼 코스,33.431941822,126.598232081,제주도의 아름다움은 ‘하늘부터 바다까지’ 모두라고 할 수 있다. 특히 제주의 자연그대로인 원시림과 청정함을 맛보기 좋은 코스다. 한라산의 생태가 그대로 보존되어 있는 숲과 노루공원 제주만의 특색있는 박물관을 돌아볼 좋은 기회가 될 것이다.,30.13km,1일,"1.한라생태숲
코스개요 :한라생태숲은 산림청 소유 국유지 196ha에 달하며 5.16도로변 해발 600고지 일대이다. 이 생태숲은 1970년대 초부터 1995년까지 개인에게 대부돼 마소의 방목지로 사용했던 곳이다. 제주 식물의 보고에 걸맞는 산림생물 난대, 온대, 한대 식물 등 다양한 식물상을 조화롭게 설계하여 333종 288천 그루를 식재 생태복원 시켰으며, 곶자왈지대, 천연림 지역을 유전자원 보전지역으로 관리해 나갈 계획이다. 생태로, 전망대, 양묘하우스, 테마별 산책로, 유전자보존 조직배양실 등 기반시설과 단풍나무숲, 벚나무숲, 구상나무숲, 참꽃나무숲 등 13개의 테마숲, 생태숲 전체의 축소판인 암석원이 중앙에 조성되어 숲다운 숲의 면모를 보여주고 있다.
2.제주 노루생태관찰원
코스개요 :제주 노루생태관찰원은 2007년 8월 3일 개장하였다. 각종 동식물이 자연 그대로 보존된 52ha의 공간에 오름에서 자유롭게 뛰노는 노루를 관찰할 수 있는 숲길 관찰로와 관람객이 가까이에서 직접 노루를 만져보고 먹이 주기 체험을 할 수 있는 상시관찰원이 조성되어 있다. 전시관에는 제주의 다양한 동식물과 한라산의 식생분포 등 제주의 자연에 대한 동물 이야기관과 노루의 특징, 역사 속에 나오는 노루의 기록 등 노루에 대한 지식을 제공하는 노루의 생태관, 노루의 생태와 생활상을 영상으로 보여주는 노루이야기 영상관이 있다. 천혜의 자연환경을 바탕으로 제주의 상징인 노루를 직접 관찰하고 휴식을 취하면서 노루에 대한 지식을 얻을 수 있는 노루생태관찰원은 자연학습과 생태체험을 동시에 즐길 수 있는 우리들의 공간이다.
3.제주돌문화공원
코스개요 :돌문화 공원은 돌의 고장 제주에 있는 돌문화를 종합적이고 체계적으로 보여주는 박물관이자 생태공원이다.
2020년까지 전체공원이 조성되며, 제1단계로 제주돌박물관, 제주돌문화전시관, 제주의 전통초가 등의 전시관이 완공되어 공사가 시작된지 7년 만인 2006년 6월 3일 문을 열었다. 
제주의 돌문화를 한곳에서 볼 수 있는 돌문화공원은 규모가 워낙 커서 여유로운 일정으로 둘러보는 것이 좋다. 돌문화 공원은 제주만의 독특한 자연유산인 오름 앞에 자리잡고 있으며, 돌을 쌓아 만들어 놓은 성곽의 형태를 따라 나지막한 오르막길을 올라가면 주변 전망이 시원한 돌문화공원 입구에 다다르게 된다.
4.국립제주박물관
코스개요 :2001년 6월 15일 개관한 국립제주박물관은 제주의 역사와 문화유산을 체계적으로 전시ㆍ보존ㆍ연구하는 고고ㆍ역사박물관이다. 국립제주박물관에서는 제주의 여러 유적에서 출토된 유물과 역사적 문물들을 중심으로  선사시대부터 조선시대까지 시대별 각 유적과 유물이 갖는 역사ㆍ문화적인 의의를 전시물에 담았다. 탐라문화의 전시공간을 특성화하여 독특하고 고유한 탐라문화를 체계적으로 선보이는 한편, 해마다 다양한 주제의 특별전을 개최하고 있다. 그 외에도 다양한 사회교육프로그램을 마련하는 등 제주를 찾는 국내ㆍ외 관광객에게 제주 토착문화의 전개과정을 체계적으로 보여주는 문화공간이 되도록 노력하고 있다.
"
4,"제주 사계해안도로, 바다와 산의 하모니에 홀릭하다!",,,"제주여행의 매력은 뭐니 뭐니 해도 해안 따라 드라이브를 즐기는 것이다. 사면이 바다로 둘러싸여 있기 때문이다. 제주의 해안도로는 비경과 특징이 각기 다르다. 그중 산과 섬, 바다가 한데 어우러지며 빼어난 경관을 간직한 곳이 바로 사계해안도로이다. 
사계해안도로는 제주 안덕면 사계리(산방산)~대정읍 상모리(송악산)를 연결하는 도로로 빼어난 해안절경과 섬과 산의 절묘한 어우러짐이 펼쳐진다. 해안을 둘러싸듯 우뚝 솟은 산방산과 송악산이 해안의 양쪽 끝에 버티고 있어 포근함과 안정감을 주는 서귀포시의 대표적인 해안도로이다. 낮은 지대로 달리다보니 해안 조망이 눈높이에 있어 디테일하게 비경을 담을 수 있다. 해안과 산, 도로가 합의일체로 그려내는 빼어난 광경 외에도 바다를 붉게 물드는 환상적인 낙조까지 자연이 만들어낸 모든 것이 아름답고 황홀하다.<br><br>
※ 하단의 지도를 확대하여 코스별 상세 위치를 확인할 수 있습니다.<br>
　 지도상의 코스가 겹치는 경우 지도를 확대하여 확인해주세요.<br>
　 (원하는 위치에서 마우스 휠 또는 손가락을 이용하여 지도 확대보기가 가능합니다.)",약 10km,,"1.산방산
코스개요 :해발 395m의 높지 않은 산방산은 모슬로부터 동쪽 4km 해안에 위치해 있다. 종 모양의 안정감 있는 산의 위용은 듬직함을 전해준다. 남쪽 중앙에는 해식동굴인 산방굴이 있으며 정상에는 희귀한 식물 종들을 볼 수 있다. 
2.용머리해안
코스개요 :용의 머리를 닮은 해안으로 산방산 앞 바닷가에 위치해 있으며 수천만 년 동안 쌓인 사암층 중 하나이다. 해안절벽은 오랜 세월동안 세찬 파도에 의해 만들어진 절경으로 수려함의 극치를 이룬다. 압권은 길이 30~50m의 절벽이 물결을 이루듯 굽어져 있는 독특한 모습으로 이미 인기 있는 명소이다. 한 바퀴를 돌아보는데 약 30분이 소요되므로 둘러볼만하다. 
3.사계해변
코스개요 :산방산 바로 아래쪽에 자리한 해변으로 한적하고 조용한 것이 특징이다. 이곳에서는 산방산과 한라산, 용머리해안까지 조망이 가능하다. 깨끗한 모래와 푸른 바다가 어우러져 아름답다. 사계해변 인근 사계포구는 낚시 포인트로 낚시꾼들의 발길이 끊이지 않는다. 
4.사계 발자국화석 발견지
코스개요 :천연기념물 제464호로 지정되어 있는 발자국 화석 공원으로 구석기 시대에 생성되었다고 추정되고 있다. 사람, 새, 코끼리 등 사람과 동물, 식물 화석 등이 새겨져 볼만하다. 지질이 독특하고 모양 또한 화성에 온 듯한 착각이 들 정도로 화려해 감상하기 좋다. 
5.섯알오름
코스개요 :송악산 북쪽에 있는 섯알오름은 작고 나지막한 3개의 말굽형 분화구가 나란히 줄지어 분포되어 있는 곳이다. 높이 약 21m, 둘레 704m, 총면적 29,094㎢인 섯알오름은 아담한 동산과 같은 느낌이지만 이곳은 양민학살터로 아픔이 있는 4.3유적지이기도 하다. 입구에는 학살된 주민들의 추모비가 있으며 꼭대기에는 일제강점기에 설치한 고사포 진지가 있어 한국 근대사의 비극을 전해준다. 
6.송악산
코스개요 :송악산은 여러 개의 크고 작은 봉우리들의 집합체이다. 해발 104m인 주봉을 중심으로 서북쪽에는 넓고 평평한 초원지대를 이루고 있다. 주봉은 둘레 500m, 깊이 80m 정도의 분화구가 있고 그 속에는 여전히 화산재가 남아있다. 송악산 정상에 오르면 전망이 아주 좋다. 가까이에는 마라도와 가파도, 형제섬이 보이고 멀리로는 산방산, 한라산이 보인다.
"
5,온가족이 함께 떠나는 제주 중문단지여행,33.4121657625,126.393844726,"제주도는 휴양의 도시고 가족이 함께 떠나 즐기기 좋은 체험지이기도 하다. 어린 아이를 데리고도 여행이 가능한 중문단지의 볼기리, 체험거리, 맛볼거리를 두루섭렵해 보자. 여기만 보아도 아쉬울 것이 없다.",48.18km,1일,"1.제주테지움
코스개요 :테지움 사파리는 세계 최초로 야생동물과 수중동물 꽃과 새들을 모두 봉제인형으로 제작하여 전시되는 새로운 개념의  박물관이다. A동 1층의 야생동물존에는 호랑이, 코끼리, 사자 표범 등의 동물인형과 다양한 포즈의 테디베어와 함께 사진을 찍을 수 있도록 전시되어 있고 2층에는 돌고래, 상어를 비롯하여 문어, 거북이 등 수중 동물인형과 홍학, 학, 오리떼 등 다양한 인형들이 있다.

2.제주 테디베어뮤지엄
코스개요 :흔하게 서양 어린이들이 하나씩은 갖고 있는 '곰돌이' 인형은 단순한 완구가 아닌 가족과 같은 느낌이 든다. 한국의 대표적 관광지 제주도 중문관광단지내에 위치한 곰인형박물관, 일명 테디베어뮤지엄(Teddybear Museum)은 지난 2001년 4월 개장, 가족단위나 연인이 함께 즐길 수 있는 테마파크로 자리 잡았다. 영국, 일본, 미국 등지에서는 이미 널리 알려진 테디베어 박물관이지만 우리로서는 다소 생소한 이색박물관으로, 곰인형에 관해서는 세계 최대규모(총면적 13,553㎡, 연건평 4,297㎡)를 과시하며 제주를 찾은 관광객들에게 색다른 여행의 묘미를 안겨준다.
3.중문관광단지
코스개요 :서귀포시는 다양하고 빼어난 자연경관과 온화한 남국적 기후를 지니고 있어 천혜의 문화관광지로 손꼽힌다. 특히 1971년에 중문동 일대를 국제관광단지로 지정함으로써 국제적인 관광도시로 발전하게 되었다.
국내 최대 규모의  종합관광단지인 중문관광단지는 서귀포시 서쪽끝 중문동의 바닷가에 
 자리잡은 대규모 토탈휴양지이다. 
 이미 개발된 68만평의 중부지역 단지 내에는 7개의 최고급 숙박시설과 퍼시픽랜드, 여미지
 식물원, 골프장, 선임교, 천제연폭포, 중문해수욕장을 비롯한 각종 관광시설이 
 마련되어 많은 국내.외 관광객이 이용하고 있다.
4.중문·색달 해변
코스개요 :길이 560m, 폭 50m, 경사도 5도, 평균 수심 1.2m 정도의 백사장을 품은 중문 해수욕장은 
 활처럼 굽은 긴 백사장과 흑, 백, 적, 회색 등의 네 가지색을 띤 ""진모살""이라는 모래가 특이하다. 이 진모살과 제주도 특유의 검은 현무암이 조화를 이룬 풍광이 아름다워서 
 영화나 드라마의 촬영지로도 자주 이용되고 있다. 이 해수욕장 오른쪽에 병풍처럼 둘러쳐진 해안절벽에는 길이 15m 가량의 천연동굴도 하나 있다. 또한 이 해안절벽을 따라 많은 희귀식물이 자생하고 있어 생태관광을 즐길 수도 있다.

"
6,제주의 특별한 카페찾아가기,33.2723773593,126.6765039077,제주에는 다양한 먹거리 볼거리들이 너무 많지만 그 중에서도 특별히 즐길 수 있는 맛있는 찻집을 찾아가 보자. 제주 도민만이 알 수 있는 디저트 카페와 특별한 체험을 즐겨볼 수 있는 이색적인 카페를 소개한다. 특히 동백꽃군락 인근의 와랑와랑의 소담스런 분위기와 따뜻한 커피는 잊혀지지 않는 제주의 추억을 선사할 것이다.,23.54km,6시간,"1.와랑와랑
코스개요 :제주의 겨울 여행에서 빠지지 않는 코스인 제주 남부 지역 위미리 마을에 위치한 와랑와랑은 한겨울에 붉은 꽃을 피워내는 매혹적인 동백나무 군락지에서 몇 걸음 떨어지지 않은 곳에 위치하고 있다. 다양한 종류의 커피와 차, 쿠키와 주스 등을 판매하며, 그중에서도 단팥라떼와 찰떡구이는 와랑와랑의 겨울 별미이다. 국산 팥을 직접 삶아 만드는 단팥라떼는 부드럽고 고소한 데다 여운처럼 남는 은은한 단맛이 일품이며, 떡을 살짝 구워 볶은 콩가루를 듬뿍 뿌려 내는 찰떡구이는 살짝 허기진 속을 든든하게 만들어준다. 사장 내외는 카페 외에 유기농 인증을 받은 감귤 농장도 운영 중이다. 때문에 직접 운영하는 농장의 품질 좋은 감귤로 만드는 감귤 재료 음료들도 인기가 좋다.
2.제주허브동산
코스개요 :2000년 부지매입을 시작으로 약 5년간 59,504m²(18,000평)의 대지 위에 허브동산을 만들어왔다. 현재 약 180여종의 허브와 우리산하의 야생화로 채워진 각양각색의 정원들과 작은 동산들, 그리고 611.6m²(2,000평)의 체험 감귤농장 등 다양한 형태의 테마공원이 조성되어 있다. 또한 허브동산을 휘어감은 산책로, 허브관련 제품을 구입할 수 있는 허브샵, 허브를 이용한 다양한 퓨전 음식을 맛볼 수 있는 카페, 허브에 대한 지식과 정보를 공유하고 더욱 다양한 체험을 할 수 있는 허브체험관 등의 시설이 구비되어 있다.
3.제주민속촌박물관
코스개요 : 제주민속촌박물관은 조선말인 1890년대를 기준 연대로 삼아 제주도 전래의 
민속자료를 총체적으로 정리하여 전시하고 있다. 특히, 100여 채에 달하는 전통 가옥은 
비슷한 모습으로 꾸며서 만든것이 아니라, 실제로 제주도민이 생활하던 집을 돌 하나 
기둥 하나에 이르기까지 그대로 옮겨와 거의 완벽하게 복원해 놓은 것이다. 이 전통가옥에는 
생활용구, 농기구, 어구, 가구, 석물등 약 8천여 점의 민속자료가 전시되어 있다. 

4.제주돌토고리카페
코스개요 :표선해비치해변, 표선 포구 바로 뒤편에 위치한&nbsp;디저트와 족욕을 즐길 수 있는 돌토고리카페는&nbsp;검은 현무암으로 만든 이색적인 족욕통과 직접 만드는 젤라또, 빵이 인기 있는 따뜻한 공간이다. 특히 이색적인 빵이 인기가 좋은데, 맛도 맛이지만 다른 베이커리에는 없는 이 집만의 독특함이 있기 때문이다.&nbsp;오징어와 한치, 문어, 소라를 넣어 만든 해물빵은 돌토고리를 대표하는 인기 빵이다. 겉은 특별할 게 없지만 속에 가득 박혀 있는 해산물들이 여느 빵과는 다른 특별함을 만들어 준다. 폭신한 빵의 식감과 잘게 썰어넣은 해산물이 꽤나 잘 어울린다. 카페 2층은 족욕 체험장으로 꾸며져 있다. 디저트와 함께 족욕을 즐기고 싶다면, 1층에서 미리 빵과 음료를 주문하면 족욕 테이블로 가져다준다. 개인 족욕통마다 음료 등을 올려둘 수 있는 테이블이 있어 편하다.
"
7,동광리농촌체험휴양마을 체험 코스 [웰촌],33.3254009536,126.2551753838,제주의 오름으로 둘러싸인 오름이 아름다운 마을로 역사의 아픔을 간직하고 있으나 다양한 농촌체험과 수려한 자연 경관을 즐길 수 있는 코스다. 특히 주변의 생각하는 정원 유리의 성 등 이색 체험지가 즐거운 코스다.,27.94km,1일,"1.생각하는 정원
코스개요 :생각하는 정원은 400여점의 분재가 전시되어 있으며, 제주 화산석으로 쌓은 돌담과 돌탑, 정원 내에 시원하게 쏟아지는 제주 최대의 인공폭포, 또 하나의 폭포에서 쏟아져 내리는 물줄기는 커다란 잉어들이 한가로이 노니는 연못 등의 공원 시설이 잘 가꾸어져 있다
2.제주 유리의성
코스개요 :'제주 유리의 성'은 전시관과 화원, 미로, 조형물 등이 온통 유리로 꾸며져 환상적인 분위기를 연출하는 유리조형물 테마파크다. 6개의 테마조형파크에 250여 점의 조형물이 배치된 이 곳에서는 세계 최초로 조성된 유리 미로, 세계 최대 크기의 유리구(球)와 유리 다이아몬드, 유리 돌담, 거울호수, 유리 다리 등과 이탈리아와 체코, 일본 등 세계 유명작가의 유리예술품을 감상할 수 있다.
3.오설록티뮤지엄
코스개요 :제주도는 유배시절의 추사 김정희 선생께서 차를 가꾸고 초의선사 등 많은 다인들과 차 생활을 하신 유서깊은 차 유적지로, 좋은 차가 생산되기에 최적의 기후적, 지리적 조건을 갖추고 있다. 오설록은 제주도 서광다원 입구에 위치,건물전체가 녹차잔을 형상화하였으며, 동서양 전통과 현대가 조화를 이룬 문화의 공간이자, 자연 친화적인 휴식공간이다.
4.동광리농촌체험휴양마을
코스개요 :동광리마을은 농촌 체험 마을로써 방문객을 위하여 방문자 센터에 숙박시설, 천연잔디구장을 비롯한 체육시설, 농사체험장, 야외사육체험장 등을 마련해 다양한 체험 프로그램의 장으로 활용하고 있다.
5.제주서커스월드공연장
코스개요 :제주서커스월드공연장(구, 해피타운)은 제주씨월드(주)에서 새로운 관광 및 공연 문화의 발전을 위하여 중국에서도 인정받는  최고의 기예단을 엄선한 최상의 스텝으로 구성되어 설립된 정통중국기예 공연장이다. 예술성까지 가미된 공중 자전거쇼를 비롯한 서커스월드의 공연은 제주도민은 물론, 제주도를 찾는 모든 관광객들이 한번쯤은 경험해 볼 만한 최고의 공연이다.
"
8,"야구박물관에서 부터 바닷길이 열리는 신비의 섬 까지, 서귀포 강정 여행",33.2607036029,126.4987917922,"제주도 서귀포시 강정동에는 야구박물관에서 부터 절벽과 조화를 이루는 폭포, 서귀포의 비경을 만나볼 수 있는 강정천과 하루에 두번 바닷길이 열리는 신비의 섬 서건도 까지 아름다움을 만끽할 수 있는 여행지가 있다. 혼자만의 시간, 커플과의 데이트, 가족과 함께하는 시간, 누구와 함께 해도 좋을 것만 같은 제주 서귀포 강정으로 여행을 떠나보는건 어떨까?",10.53km,1일,"1.한국야구명예전당
코스개요 :서귀포시에서는 기증자의 뜻을 존중하고 또한 스포츠를 통한 체험 관광을 개발하여 서귀포 관광의 이미지를 제고시키고 지방세수의 확충계기를 마련하는 색다른 경영 수익 사업으로 발전시키는데 그 뜻을 두어 교수 및  전문가의 지원을 받아 대한야구협회 한국야구위원회의 도움을 얻어 3개월여의  준비 작업 끝에  서귀포시 청소년 수련관 1층에 ""한국야구 명예 전당""을 조성 개관하게 되었다.
2.엉또폭포
코스개요 :보일듯 말듯 숲 속에 숨어지내다 한바탕 비가 쏟아질 때 위용스러운 자태를 드러내 보이는 엉또폭포의 높이는 50m에 이른다. 폭포 주변의 계곡에는 천연 난대림이 넓은 지역에 걸쳐 형성되어 있으며 사시사철 상록의 풍치가 남국의 독특한 아름다움을 자아낸다. 서귀포시 강정동 월산마을을 지나 500여m 악근천을 따라 올라가거나 신시가지 강창학공원 앞도로에서 감귤밭으로 이어진 길을 따라 서북쪽으로 800m 정도 가면 엉또폭포를 만날 수 있다. 엉또폭포는 서귀포 70경 중의 하나이다. 
3.둠비정원
코스개요 :둠비정원은 국산 콩으로 9시간 이상 불려 (겨울에는 12시간) 두부를 제조한다. 당일 생산, 당일 판매 원칙으로 물량 소진 시 영업이 종료된다. 비지를 짤 때의 세기 조절을 해 비지 전으로 콩의 식감이 살아있게 중복으로 조리하는 특징이다. 주변 관광지로는 천지연, 정방폭포, 외돌개가 있다.
4.강정천
코스개요 :서귀포시 강정동 마을 동쪽에 있는 강정천은 평소에는 말라버리는 제주도의 일반 하천과는 달리 사계절 맑은 물이 흐르는 곳이다. 강정천에는 다른 지역에서 보기 어려운 1급수 어종인 은어가  서식하고  있으며, 천연기념물 제327호인 원앙이 무리지어 사는게 종종 목격되고 있다. 수려한 자연경관과  맑은 물이  조화를 이루는 명소로 한여름에는 더위를 피해 찾아오는 피서객으로 만원을 이룬다.
5.서건도
코스개요 :서귀포시 서건도(일명 써근섬)로 알려진 유명한 섬이다.이 바다 갈라짐 현상은 보름이나 그믐에 규모가 특히 크며 5월 26일, 28일, 9월 7일, 11월 5일, 8일,  12월 3일, 7일의 사리기간에 가장 두드러지게 나타난다. 바다가 갈라지게 되면 좌우 10m 이상 넓어진 갯벌이 드러나 한꺼번에 많은 사람들이 서건도를 왕래하면서 신비감을 맛볼 수 있다. 
"
9,제주도 세계자연유산 탐방 1 코스,33.4323127375,126.6928183084,여행은 제주도의 절묘한 자연경관과 특별한 맛을 느낄 수 있는 여행이다. 가을 억새의 향연이 펼쳐지는 산굼부리와 유네스코 세계자연유산에 등록된 성산일출봉 등 제주의 숨은 절경을 찾아 나선다.,32.44km,1일,"1.산굼부리
코스개요 :영화 '연풍연가' 에서 인상 깊은 장소로 등장하는 산굼부리는 천연기념물 제263호로 둘레가 2km가 넘는 화구.산굼부리안을 둘러보는 장동건(태희)과 고소영(영서)이 걷는 장면으로 등장한다. 제주도에는 360여 개의 기생화산이 분포되어 있지만 이곳 산굼부리를 제외한 다른 화산은 모두 대접을 엎어놓은 듯한 분화구의 형태이고, 산굼부리 분화구만은 제주도에서 유일하게 용암이나 화산재의 분출 없이 폭발이 일어나 그곳에 있던 암석을 날려 그 구멍만이 남게 된 것이다. 이러한 화산을 마르(Maar)라고 부르는데 한국에는 하나밖에 없는 세계적으로도 아주 희귀한 화산이다. 

2.김영갑 갤러리 두모악
코스개요 :루게릭병으로 인해 거동조차 불편했던 몸으로 옛 삼달초등학교를 직접 다듬고 손질해서 멋진 갤러리로 탈바꿈시킨 사진작가 고 김영갑씨의 열정과 제주도의 고요와 평화를 담은 그의 작품을 감상할 수 있다. 
바람처럼 제주도의 겉모습만 훑고 떠나는 관광객들은 좀체 느껴보기 어려운, 제주도의 아름다운 속살이 그의 작품 속에 고스란히 드러나 있다. 오름, 초원, 바다, 안개, 바람, 하늘, 그리고 왠지 모를 쓸쓸함까지 제주도에 존재하는 모든 것을 그의 사진 속에서 찾아볼 수 있다.

3.점심식사(해오름식당)
코스개요 :해오름식당은 성산일출봉 입구에 위치하여 찾기 쉽고 여유롭게 제주의 특별한 맛을 음미할 수 있는 곳으로 여행객들이 많이 찾는 맛집이다.

4.성산일출봉
코스개요 :해발 180m인 성산 일출봉은 약 5,000년 전 제주도 수많은 분화구 중에서는 드물게 바닷속에서 수중폭발한 화산체이다. 용암이 물에 섞일 때 일어나는 폭발로 용암은 고운 화산재로 부서져 분화구 둘레에 원뿔형으로 쌓여 있다. 원래는 화산섬이었지만 신양해수욕장 쪽 땅과 섬 사이에 모래와 자갈이 쌓여 육지와 연결이 된 것이다. 일출봉 정상에는 지름 600m, 바닥면의 높이 해발 90m에 면적이 214,400㎡(성산일출봉 분화구의 면적)나 되는 분화구가 자리한다. 이곳에서 이장호 감독의 영화 '공포의 외인구단'의 한 장면이 촬영되기도 했다. 농사를 짓기도 했는데 지금은 억새밭을 이루며 우도가 손에 잡힐 듯 보인다.

"
10,한라산 품 안에서 보내는 하룻밤,33.4697026193,126.4920098966,한라산 기슭 1100도로 변에 자리한 서귀포자연휴양림은 삼림욕과 생태탐방은 물론 여름철 물놀이와 캠핑을 위한 야영장까지 고루 갖추고 있다. 편백나무 숲 속에 펼친 텐트에 모여 앉아 밤하늘 총총히 뜬 별빛을 바라보며 보내는 하룻밤은 평생 간직할 추억으로 남는다. 휴양림에서 멀지 않은 거리에 한라수목원과 어승생악 탐방로가 있어 반나절 코스로 잡으면 좋다.,28km(걷기길 1.3km 포함),1박 2일,"1.한라수목원
코스개요 :제주시 연동 1100 도로변 광이오름 기슭에 위치한 한라수목원은 제주도 자생수종과 아열대식물 등 약 909종의 식물이 식재, 전시되어있는 수목원으로 학생 및 전문인들을 위한 교육과 연구의 장 역할을 하고 있으며, 테마관광지로도 사랑받고 있다. 특히 환경부는 최근 이곳을 멸종위기 보호야생식물의 <서식지의 보전기관>으로 지정했다.

2.천왕사
코스개요 :한라산 중턱에 자리잡고 있는 천왕사는 제주의 여느 사찰과 마찬가지로 그 역사가 오래되지는 않았다. 천왕사 마당에 들어가니 머리위에서 까마귀가 까악까악 울며 날아다닌다. 신기해서 까마귀를 쫓아 눈을 돌리다보니 산 중턱에 신기한 기암괴석들이 보인다. 천불전 뒤 산은 경복궁 근정전 뒤의 용머리 바위와 닮은 꼴이다.

3.어승생악
코스개요 :한라산의 기생화산인 어승생악 (어승생 오름)은 한라산 국립공원 어리목지구에서 오를 수 있는데, 천왕사에서 서귀포 방면으로 1100도로를 다시 타고 구불구불 고갯길을 따라 조금만 가면 좌측으로 어리목이라는 이정표가 나타난다.

4.서귀포자연휴양림
코스개요 :서귀포자연휴양림은 인공조림의 요소를 가능한 한 줄이고 제주도 산과 숲 그대로의 특징을 살려 쾌적한 휴양과 산림욕을 즐길 수 있는 우리나라 최남단의 자연 휴양림이다.

"
11,화산이 만든 비경을 찾아가는 탐험길,33.2402112763,126.3132472331,"제주 서부 지역 대표 명소인 산방산과 용머리해안, 송악산을 도보로 일주하는 코스. 산방산 중턱에서 내려다본 해안 풍경과 제주에서 가장 오래된 화산지형으로 꼽히는 용머리 해안 절벽이 백미로 꼽힌다. 송악산에서 바라보는 형제섬과 가파도, 마라도 풍경도 놓칠 수 없다. 바다와 나란히 걷는 사계해안도로는 제주 올레 10코스이기도 하다.",5km,6시간,"1.산방산
코스개요 :제주도 서남부의 평야지대에 우뚝 서 있어 어디에서도 조망이 가능한 종 모양의 종상화산체다. 용암돔 남측 절벽의 높이 150~300m 사이에는 다양한 모양과 크기의 풍화혈과 애추가 발달되어 있고, 해발 150m쯤에 길이 약 10m, 너비와 높이가 약 5m인 산방굴이라고 하는 해식동굴이 바다를 향해 특색있는 경관을 이루어 있어 영주십경의 하나이다. 

2.용머리해안
코스개요 :산방산 앞자락에 있는 바닷가로 산방산 휴게소에서 10여분 걸어내려가면 수려한 해안절경의 용머리 해안과 마주치게 된다. 이 곳은 수천만년 동안 쌓이고 쌓여 이루어진 사암층 중 하나이다. 

3.진미식당
코스개요 :24년 전통의 진미식당은 3대 째 운영되고 있는 전통있는 명가이며, 다금바리회를 대중화를 시킨 곳이 바로 이곳이다. 진미식당 사장님은 다금바리에 대한 특허만 여러 개를 보유하고 있으며, 다금바리에 대한 사랑이 남다르신 분이다. 다금바리회의 진정한 맛을 보려면, 이곳 진미식당을 찾는다면 후회는 없을 듯하다.

4.송악산
코스개요 :송악산은 한라산처럼 웅장하거나 산방산처럼 경치가 빼어나지는 않다. 그러나 송악산 정상에 오르면 누구나 감탄사를 토해낸다. 앞으로 가까이 보이는 최남단의 마라도와 가파도, 형제섬, 우뚝 솟은 산방산, 멀리 보이는 한라산, 그리고 끝없는 태평양, 바다를 씻겨온 바람과 능선에 이어지는 푸른 잔디의 풋풋한 감촉 때문이다. 


"
12,제주도 세계자연유산 탐방 3 코스,33.4488520479,126.659879123,"여행은 제주도의 절묘한 자연경관과 특별한 맛을 느낄 수 있는 여행이다. 세계자연유산으로 등재된 만장굴과 돌과 더불어 살아 사는 제주인의 삶이 오롯이 녹아든 제주돌문화공원을 방문하고, 제주도만의 민속자연을 볼 수 있는 민속자연사박물관을 돌아보자.",56.92km,1일,"1.제주돌문화공원
코스개요 :돌문화 공원은 돌의 고장 제주에 있는 돌문화를 종합적이고 체계적으로 보여주는 박물관이자 생태공원이다. 2020년까지 전체공원이 조성되며, 제1단계로 제주돌박물관, 제주돌문화전시관, 제주의 전통초가 등의 전시관이 완공되어 공사가 시작된지 7년 만인 2006년 6월 3일 문을 열었다. 제주의 돌문화를 한곳에서 볼 수 있는 돌문화공원은 규모가 워낙 커서 여유로운 일정으로 둘러보는 것이 좋다. 돌문화 공원은 제주만의 독특한 자연유산인 오름 앞에 자리잡고 있으며, 돌을 쌓아 만들어 놓은 성곽의 형태를 따라 나지막한 오르막길을 올라가면 주변 전망이 시원한 돌문화공원 입구에 다다르게 된다.

2.만장굴
코스개요 :만장굴은 세계 최장의 용암동굴로서 총 길이가 약 7.416m이며, 부분적으로 2층 구조를 갖는다. 특히, 주 통로는 폭이 18m, 높이가 23m에 이르는 세계적으로 큰 규모이다. 동굴 형성은 약 250만년 전 제주도 화산 발생시 한라산 분화구에서 흘러넘친 용암이 바닷가 쪽으로 흘러내리면서 지금과 같은 커다란 공동이 형성되었다고 한다. 지하 궁전 같은 내부 경관은 웅장하면서 심오한 맛이 나는데, 특히 정교한 조각품 같은 돌거북은 그 모양이 꼭 제주도 같이 생겨서, 관광객들에게 인기가 있다. 

3.점심식사(제주에서 첫번째) 
코스개요 :삼성혈 정문에서 동문시장쪽으로 내려오다 보면 관광지로 오현단이 있으며 현재 이 길은 제주 문화의 거리로 지정되어 2011년 중순에 완공을 목표로 전신주 지중매설 및 도로포장준비 작업으로 손님맞이 준비가 한창이다. 

4.제주도민속자연사박물관
코스개요 :제주특별자치도민속자연사박물관은 제주도 고유의 고고·민속자료와 동물, 광·식물, 해양생물 자료들을 수집하고 조사 연구를 통해 전시하고 있는 곳이다. 지난 1984년 5월 24일 개관한 이래 실물자료와 모형·마네킹 등을 활용해 입체적으로 전시함으로써 이국적인 느낌을 주는 제주문화를 보다 쉽게 이해할 수 있도록 하고 있다. 로비에 대형어류 및 해양생물 디오라마 전시를 비롯하여 제주도 형성사, 여러가지 암석, 한라산의 식물 수직분포도, 곤충, 포유류 등 제주의 형성과정과 여러 자연생태까지도 한눈에 볼 수 있다. 그리고 제주인의 일생, 생업, 의식주 등을 통해 과거 제주인의 생활을 접할 수도 있다. 

"
13,제주의 여장부 김만덕을 따라 걷는 산책,33.5161900175,126.5471207179,제주의 대표적인 여걸 거상에서 자선사업가로 이름을 남김 김만덕의 행적과 자취를 따라 걸어보자. 제주도민의 생활상과 제주의 특산품까지 함께 알아볼 수 있는 즐거운 체험 여행이 될 것이다.,2.97km,3시간,"1.김만덕기념관
코스개요 :김만덕(1739~1812)은 조선시대 제주출신의 거상이자 여류 자선가이다. '만덕관'은 김만덕 여사의 선행을 기리기 위해 건립된 기념관으로 유품 354점이 소장되어 전시되다가, 2000년 6월 소장자의 요구
 에 의하여 반환되었고 지금 현재는  김만덕 일대기를 그린 작품들이 전시되고 있다.
2.모충사
코스개요 :사라봉 공원 동남 쪽에 있는 모충사는 제주 주민의 성금으로 세워졌다. 조선시대 김만덕 할머니의 구혈의녀탑, 순국지사 조봉호 기념비, 의병항쟁 기념탑이 한 곳에 모여 있어 단순한 
 관광지의 차원을 넘어서 민족의 정기가 어린 의로운 신전이 되어 있다.
3.사라봉공원
코스개요 :사라봉 공원은 제주시 동문로터리에서 동쪽으로 2km 거리에 있는 143m 높이의 낮은 동산이다. 이곳에서 볼 수 있는 사봉 낙조는 영주 12경의 하나로 성산일출과 대조가 될만하다. 북쪽으로는 바다를 끼고 남쪽으로는 한라산을 바라보고 있는 이곳은 제주시민은 물론 관광객도 즐겨 찾는다. 사라봉 동쪽에는 별도봉이 들어앉았다. 그 기슭에 우당도서관이 있는데 이곳에서 부터 사라봉 뒤편을 돌아 제주항을 거친 다음 탑동까지 가는 코스는 이름난 드라이브 코스이다.
4.사라봉
코스개요 :제주항 동쪽으로 바닷가를 접해 위치한 오름으로 제주시를 대표하는 오름이라고 할 수 있다. 이오름 봉우리에 오르면 북쪽으로 망망한 바닷가가 눈앞에 펼쳐지고, 남쪽으로 웅장한 한라산이 바라다 보이며, 발아래에는 제주시의 시가지와 주변의 크고작은 마을들이 그림같이 아름답고, 특히 저녁 붉은노을이 온 바다를 물들이는 광경(沙峰落照)은 장관이어서 영주십경(瀛州十景)의 하나로 꼽힌다. 오름의 형태는 북서쪽으로 벌어진 말굽형 화구로서 붉은 송이(scoria)로 구성된 기생화산체이며, 전체적으로 해송이 조림되어 숲을 이루고 있다.
5.산지등대
코스개요 :제주시민의 대표적 공원인 사라봉 중턱 언덕 위에 탐라의 관문인 제주항을 한눈에 조망할 수  있는 하얀 건물 하나가 사람들의 눈길을 끈다. 해안 절벽과 바다가 어우러져 한 폭의 수채화를 연상케 하는 아름다운 해안선의 모습을 한 눈에 감상할 수 있는 곳! 그 곳에 “산지등대”가 있다. 1916년 10월 무인등대로 처음 점등된 산지등대는 1917년 3월에 유인등대로 변경되었고, 1999년 12월에 현재의 모습으로 새롭게 등탑을 신설하였고 기존 등대는 83년간 밝혀오던 희망의 빛을 동생에게 물려주고 옆에서 묵묵히 지켜주는 형님 역할을 수행하고 있다.
"
14,몸과 마음을 치유하는 에코 테라피,33.4877168118,126.8088597525,"회색빛 도시의 일상에 지친 이들에게 제주의 숲과 바다는 천연 치유제가 된다. 천년의 숲 비자림에 들어서면 영혼까지 맑아지는 기분이다. 평화로움 가득한 중산간 도로, 잘 가꿔진 허브동산, 망망대해가 펼쳐진 해안 절벽까지 천천히 쉬어가는 동안 스트레스로 찌들었던 몸과 마음이 한결 가벼워진다. 비워진 공간엔 맑고 따스한 기운이 가득 찬다.",56km,8시간,"1.비자림
코스개요 :천연기념물 제 374호로 지정보호하고 있는 비자림은 448,165㎡의 면적에 500∼800년생 비자나무 2,800여 그루가 밀집하여 자생되고 있다. 나무의 높이는 7∼14m, 직경은 50∼110㎝ 그리고 수관폭은 10∼15m에 이르는 거목들이 군집한 세계적으로 보기드문 비자나무 숲이다.

2.용눈이 오름
코스개요 :산정부는 북동쪽의 정상봉을 중심으로 세 봉우리를 이루고, 그 안에 동서쪽으로 다소 트여있는 타원형의 분화구가 있으며, 전체적으로 산체는 동사면쪽으로 얕게 벌어진 말굽형 화구를 이룬다. 

3.점심식사(옛정의골식당)
코스개요 :옛정의골은 제주산 흑돼지를 이용한 돼지 불고기를 주메뉴로 하여 꿩고기전골이 유명한 곳으로 성읍민속마을에서 꿩 전골을 맛볼 수 있는 몇 안 되는 음식점 중 한 곳이다. 이곳 만의 특별한 양념으로 요리한 돼지불고기 정식은 우리 입맛 뿐 아니라 외국인의 입맛에도 잘 맞아 많은 손님들이 단골이 되는 곳이다. 

4.제주허브동산
코스개요 :2000년 부지매입을 시작으로 약 5년간 59,504m²(18,000평)의 대지 위에 허브동산을 만들어왔다. 현재 약 180여종의 허브와 우리산하의 야생화로 채워진 각양각색의 정원들과 작은 동산들, 그리고 611.6m²(2,000평)의 체험 감귤농장 등 다양한 형태의 테마공원이 조성되어 있다.

5.남원 큰엉해안
코스개요 :'엉'이란 제주도 방언으로 언덕을 뜻하는데, 남원 큰엉은 큰 바위가 바다를 집어 삼킬듯이 입을 크게 벌리고 있는 언덕이라 하여 붙여진 명칭으로 절벽 위는 평지로 부드러운 잔디가 깔려 있다. 

"
15,제주민의 삶과 문화를 느낄 수 있는 ‘어멍아방잔치마을’ (웰촌),33.2716041224,126.607412688,제주의 아름다운 명소는 다 알고 있다면 이제 제주 여행은 제주의 경치가 아니라  제주 사람들의 삶을 느껴보러 떠나 보자.  ‘어멍아방잔치마을’이라는 정다운 이름을 가진 신풍리농촌체험휴양마을에 가면 제주 사람들의 생활과 문화를 만나볼 수 있다. 제주의 참모습을 알 수 있는 기회가 된다.,약 40km,약 7시간,"1.감귤박물관
코스개요 :감귤의 기원과 역사, 재배법 등 감귤의 모든 것을 망라한 곳이 바로 감귤박물관이다. 세계 곳곳에서 자라는 100여종의 감귤이 한 자리에 모인 세계감귤전시관도 멋지다. 유리온실 내에 다양한 감귤 나무를 볼 수 있다. 박물관 내부도 볼거리가 많지만 외부가 멋진 정원에는 멋진 폭포도 있고 삼림욕을 할 수 있는 산책로도 있어 산책하기도 좋다. 아직 익지 않아 잎만큼이나 짙은 초록색을 띈 감귤을 주렁주렁 단 나무들도 멋지다. 

2.물영아리오름
코스개요 :물영아리오름은 물영아리 오름은 비가 많이 오면 오름 정상 화구에 물이 고이기 때문에 ‘물이 있는 영아리’라는 데서 유래한다. 다양한 습지 동식물이 서식하고 있는 습지라  2007년 우리나라에서는 5번째, 세계적으로는 1,648번째 람사조약 습지로 등록됐다. 오름의 산신이 노하면 분화구 일대가 안개에 휩싸이고 천둥번개와 폭우가 쏟아진다는 전설이 전해진다. 오름을 중심으로 약 4.8km의 둘레길이 나 있다. 자연하천길, 목장길, 삼나무숲길, 초지길 등 다양한 테마길들을 이어 놓아 잠시도 심심하지 않을 풍경이 펼쳐진다. 

3.따라비오름
코스개요 :제주도의 가을을 만끽하고 싶다면 빼놓을 수 없는 곳이 따라비오름이다. 은빛의 억새 물결을 볼 수 있기 때문이다. 따라비오름은 말굽형태로 터진 3개의 굼부리를 품고 여섯개의 봉우리로 이어진 곳이다. 제주도 368개의 오름 중 가장 아름다워 '오름의 여왕'이라 불리는 곳이다. 오름에 오르면 억새가 반짝반짝 빛을 발하고 한라산과 제주 오름들이 옹기종기 펼쳐진 모습이 아주 장관이다. 

4.신풍리농촌체험휴양마을
코스개요 :제주도에서는 처음으로 2002년 농업진흥청에 의해 농촌 테마 마을로 지정됐다. 신풍리농촌체험휴양마을은 ‘어망아방잔치마을’이라는 이름으로 더 잘 알려져 있다. ‘어멍아방잔치마을’이란 어머니 아버지께 잔치를 열어 드려 효도하자는 의미가 담겨 있다. 제주 특유의 전통 가옥이 남아있는 집과 아담한 돌담이 마을 골목마다 이어져 있다. 신풍리에 산촌과 어촌이 다 있다 보니 신풍리에서는 산촌 체험도 가능하고 어촌 체험도 가능하다.
5.혼인지
코스개요 :이름 그대로 고량부 제주 삼신인이 혼례를 올린 곳이다. 삼성혈에서 출현한 삼신은 성산읍 바닷가에 목함을 타고 도착한 벽랑국의 세 공주를 맞아 합동결혼식을 올리게 되는데 바로 그 합동 결혼식장이 혼인지 연못이다. 세 공주가 가지고 온 송아지와 망아지를 기르고 오곡의 씨앗을 뿌려 태평한 생활을 누리게 됐다. 그러면서 제주에서는 농경과 목축 생활이 시작됐다고 한다. 그때 나무함이 발견된 곳은 온평리 바닷가 ‘쾌성개’라 하며, 이것이 떠오른 곳을 ‘황루알’이라 하고 세 처녀가 바닷가에서 처음 디뎠다는 발자국이 바위 위에 지금도 남아 있다. 
"
